{
  "hash": "82119111",
  "configHash": "58c1dc36",
  "lockfileHash": "30149b98",
  "browserHash": "549e2a51",
  "optimized": {
    "@angular/common": {
      "src": "../../../../../../node_modules/@angular/common/fesm2022/common.mjs",
      "file": "@angular_common.js",
      "fileHash": "b8ba6e53",
      "needsInterop": false
    },
    "@angular/common/http": {
      "src": "../../../../../../node_modules/@angular/common/fesm2022/http.mjs",
      "file": "@angular_common_http.js",
      "fileHash": "b853d96e",
      "needsInterop": false
    },
    "@angular/core": {
      "src": "../../../../../../node_modules/@angular/core/fesm2022/core.mjs",
      "file": "@angular_core.js",
      "fileHash": "7d7d6afe",
      "needsInterop": false
    },
    "@angular/forms": {
      "src": "../../../../../../node_modules/@angular/forms/fesm2022/forms.mjs",
      "file": "@angular_forms.js",
      "fileHash": "84ea1f1e",
      "needsInterop": false
    },
    "@angular/platform-browser": {
      "src": "../../../../../../node_modules/@angular/platform-browser/fesm2022/platform-browser.mjs",
      "file": "@angular_platform-browser.js",
      "fileHash": "e993f515",
      "needsInterop": false
    },
    "@angular/router": {
      "src": "../../../../../../node_modules/@angular/router/fesm2022/router.mjs",
      "file": "@angular_router.js",
      "fileHash": "fe345516",
      "needsInterop": false
    },
    "rxjs/operators": {
      "src": "../../../../../../node_modules/rxjs/dist/esm5/operators/index.js",
      "file": "rxjs_operators.js",
      "fileHash": "0007503d",
      "needsInterop": false
    }
  },
  "chunks": {
    "chunk-57RN5CP4": {
      "file": "chunk-57RN5CP4.js"
    },
    "chunk-K55PXIR2": {
      "file": "chunk-K55PXIR2.js"
    },
    "chunk-4DEGRYWG": {
      "file": "chunk-4DEGRYWG.js"
    },
    "chunk-Y7CPOTMR": {
      "file": "chunk-Y7CPOTMR.js"
    },
    "chunk-EFRESLQG": {
      "file": "chunk-EFRESLQG.js"
    },
    "chunk-4QY3CLME": {
      "file": "chunk-4QY3CLME.js"
    }
  }
}